,Year,Recommendations
0,1996,"1. establish a separate budget line item for the advisory committee on minonty veterans.&&2. appropriate 125,000.00 for the fiscal year year budget for the advisory committee on minority veterans.&&3. recognize the appropnate regional and national minority organizations that serve our countrys diverse population proups and invite them as genuine partners, consultants, advisors and expert witnesses in enriching the departments commitment to serve the needs of our minomty veterans.&&4. authonze an assessment be conducted and a report submitted in fy 97 by the department of veterans affairs to determine the validity of the commuttees concern regarding ethnic representation on the rating panels and the ment review boards, as well as among the counselors who advise our minority veteran populations.&&5. establish and fund an intra agency task force, chaired by the director of the center for minonty veterans, to conduct a needs assessment for health care, benefits and compensation research of all our minonty veterans by ethnic groups and submit a report by monthyear,.&&6. instruct the under secretary for health and the under secretary for benefits restructure their organizations internal minority advisory panels to mirror that of the federal advisory committee on minority veterans.&&7. direct ethnic identifiers be included immediately on all appropnate department arpiicauion forms, particulariv the ital application form completed by ail veterans, and be correlated with department of defense manpower files and the revisions to the office of fanavement and budget directive 15.&&8. direct the director. center for minonty veterans, to establish a secretarys task force by month year to assess and recommend changes to current va cultural sensitivity policy and programs for implementation immediately upon approval of the secretary of veterans affairs. 16.&&9. authorize and fund a five member minonty veterans review commission mvrc , chaired by the chairman, advisory committee on minority veterans, with consultative authority and staff support, to conduct a senes of focus meetings with minority veterans and organizations across the country, to include the pacific, to determine the blueprint of needs and concerns, as well as recommendations, of all our minonty veterans and followed by a conference on the west coast, in the midwest. and on the east coast to report the findings to our minority veterans. their report would be presented to you for concurrence and advocacy by 1monthyear.&&10. charge the under secretary for health to take the lead in forming and funding a reassessment panel, cochaired by the director, center for minority veterans and including two members of the advisory committee on minority veterans, to review all programs for homeless minonty veterans and drug alcohol treatment for minority veterans with the purpose to implement effective, culturally appropriate, coherent and networked programs and policies by monthyear. their report would be included in our committees fiscal year year report.&&11. inform the under secretary for health to establish a minority health review panel, cochaired by a member of the advisory committee on minority veterans, to collaborate with the bureau of primary health care, health resources and administration agency, and others in determining and tmplementing the best models for health care delivery system for minority veterans, to include native alternative healing methods. their report would be made a part of our committees fiscal year year report.&&12. request the united states congress take action to make permanent the advisory commuttee on minority veterans.&&13. submut a formal request to the congress to change the expiration date of public law 102 547, native american veterans direct home loan program, from its current expirauon date of year to a permanent benefit without expiration.&&14. establish an immediate department policy that accepts without qualification the reports or evaluations by the indian health service regarding establishment of benefit anu compensation claims, including the onginal clam. if necessary, seek amendment to puchic law 103 146, section 5125.&&15. submit a request to congress to amend section 2408 of 38 u.s.c. to permit mogi vovermments, the government of amencan samoa, the government of guam and ine statuloriv recogmzed native hawatian government to be eligible for grants in aid for _ the purpose of establishing, expanding, or improving veterans cemeteries.&&16. approve the addition of three full time staff members to the center for iinonty veterans effective monthyear and the funding to establish a worldwide web sive tor the center immediately. 17 annex a,."
1,1997,"1. establish a task force headed by the director, center for minority veterans, to assess and recommend changes to the current va cultural sensitivity policy and program. the task forces recommendations should be implemented immediately upon approval by the secretary designate.&&2. establish a policy that requires decision makers to determine if va programs, services, and benefits are administered in an equitable manner and are accessible to all veterans.&&3. develop performance rating standards for all va management personnel facility directors that include rating factors to measure outreach, equality of services, and support to minority veteran programs.&&4. develop methods for communicating and disseminating information to all veterans about changes in services and benefits.&&5. increase outreach programs to veterans in geographically isolated areas.&&6. direct that va officials conduct follow up visits to sites visited by the subcommittees to ensure that recommendations have been implemented, and to evaluate the effectiveness of va programs in meeting the needs of minority veterans.&&7. establish wellness clinic outreach programs on indian reservations.&&8. examine the feasibility of a partnership between the hawaii state national guard and the department of veterans affairs that would leverage the aviation resources of the guard, through a subvention reimbursement program, to transport veterans on various islands to tripler army hospital for care.&&9. establish a demonstration project that allows veterans to use established community healthcare clinics that practice culturally sensitive healthcare and, by and large, already serve the veterans families.&&10. fill the vacant deputy director for benefits position at the vamroc with a local individual who is keenly sensitive to minority veteran needs.&&11. support, with official approval and funding, the efforts of the 29 veterans organizations in hilo who are proposing a one stop shop veterans facility which would provide accessible and consolidated va and community services to 10 recommendations continued veterans.&&12. reconsider consolidating the adjudication and benefits offices into a single entity as this is not seen as a positive move by hawaiian veterans, who view the current system as broke and ineffective.&&13. review credit hours for ptsd evaluations under the managed care model to determine the need to establish additional variables.&&14. require a joint training program for physicians and adjudicators to ensure integration between adjudication and healthcare services.&&15. replicate at other locations around the country the models of the center for aging that is being constructed at tripler hospital.&&16. establish some type of official ombudsman program whereby veterans and their families feel they can get assistance.&&17. initiate an experimental program that allows alternative healthcare treatment to be made available to appropriate veterans, through va.&&18. initiate activities to insure more standardization of computer systems, and eligibility requirements throughout the va.&&19. provide id cards to veterans with authorized benefit claims.&&20. provide funding and resources to document the asian and pacific island veterans experiences and identify their specific needs.&&21. provide funding and resources to support additional research on ptsd related depression and suicide and other related mental illnesses among asian and pacific island veterans.&&22. assist minority researchers at the pacific center for ptsd in acquiring the matsunaga study registry for future research, and to support their study of ptsd in filipino veterans.&&23. recommend vas center for women veterans support and sponsor a study of hawaiian women veterans. the study could also focus on problems and issues facing asian pacific island, caucasian, and african american women veterans.&&24. review va practices for healthcare billing and debt collection.&&25. conduct a cohort study of the 442nd, 100th, and mis veterans of wwii.&&26. give priority to awareness, education and research of cultural influences which 11 recommendations continued impact veterans willingness to avail themselves to existing services. 2 . re evaluate the policies that support the immediate decrease in va disability ratings after veterans have attended the ptsd center.&&28. investigate the claim by minority veterans that there are inconsistencies in rating board decisions for ptsd.&&29. investigate allegations that there are apparent disparities in disability ratings between mainland veterans and minority veterans in hawaii.&&30. identify and provide additional assistance for veterans who are experiencing years of delay in the resolution of their va claims.&&31. fund a survey to determine the number of samoan veterans in american samoa and on the mainland.&&32. evaluate the need for medical clinics in american samoa.&&33. re evaluate the procedures used by va employees to process forms and claims for ptsd clients veterans claim the procedures are long and convoluted, and forces them to re live their vietnam experiences.&&34. review the sba veteran loan program and identify obstacles experienced by veterans trying to start businesses.&&35. review the prrp program in hilo, hawaii, from admission requirements to residency treatment and post care, to determine the effectiveness of the program in treating veterans.&&36. mandate that all ptsd counselors clinicians in hawaii make at least one trip to the prrp on hilo to gain first hand knowledge of the residential services that are available to their clients.&&37. initiate outreach approaches with the new center for aging, located on tripler army medical center, to insure that information about the center is well advertised and that va staff working at the center are knowledgeable and open to the cultural and ethnic diversity of potential clients and families. examples toward this effort would be a scheduling monthly tours for the community, 6 appointing an advisory committee made up of veterans and community leaders representative of the population of hawaii, and c inviting local schools i.e., kamehameha schools to participate in the centers holiday activities.&&38. evaluate the effectiveness of the hawaii vamroc.&&39. develop ways that the hawaii vamroc can target for service disenfranchised 12 recommendations continued and homeless veterans who do not trust the system. this should be done in concert with veterans organizations who are championing this veteran population.&&40. develop a formal process for identifying veterans in distress and expediting services for them.&&41. ldentify the reasons that veterans families residing on the outer islands have difficulty getting honor guards from honolulu for veterans funerals and develop a process that avoids these obstacles.&&42. provide out station federal benefits counselors on each island in hawaii.&&43. establish a traveling adjudication board of appeals to neighboring hawaiian islands.&&44. offer and conduct agent orange examinations for veterans in hawaii.&&45. send a vocational rehabilitation specialist, once a month, to neighboring islands in hawail.&&46. ensure that current policies for authorizing in patient care and hospitalization in local community hospitals on the outer islands are in the best interest of the veteran and his family; particularly for acute and emergency situations.&&47. set up a system to monitor the number of appointments that are not kept by va staff with veterans and their families; initiate a system whereby these staff members are identified and formal apologies are made to these veterans and their families for their inconveniences related to this situation.&&48. develop an outreach program to find employers willing to hire veterans.&&49. develop training programs for medical personnel at tripler who treat veterans in order to improve their understanding of and communication with veteran patients.&&50. begin a tracking system to verify the complaints that veterans medical records are lost at tripler army medical center.&&51. identify a mechanism for providing family support at tripler army medical center when veterans are patients at this facility.&&52. initiate a system to collect on going statistical data on minority veterans who are treated as inpatients on the va psychiatric wards at tripler army medical center.&&53. negotiate with tripler army medical center to expand the availability of hospital beds for veterans based upon the downsizing of the military mission. 13 recommendations continued.&&54. review the efficiency of service provided to veterans at tripler.&&55. establish better communication between vamroc benefits and the veteran.&&56. include tribal veteran service officers tvso on the vas publications distribution list for updates to regulations, manuals, notices and publications that pertain to veterans benefits and services.&&57. va should identify tribal veterans representatives to attend the national veterans training institute disabled american veterans service officers academy, university of colorado, denver, colorado, to become certified claims representatives for indian veterans.&&58. va should insure that minority veterans are provided timely information regarding medical evaluations for agent orange and gulf war illnesses and the related time limits for filing claims for service.&&59. develop a closer recruitment network with veterans residing on reservations to extend employment opportunities to indian veterans.&&60. use veteran students attending sinte gieska spotted tail university and the oglala lakota college at pine ridge as veterans student workers paid by the va to assist tvsos in putting together the critical census data of the actual number of veterans residing on the reservations the outreach veterans benefits counselor, john wilson, can help with this process.&&61. support through funding, the little hoop lodge alcohol and drug treatment community facility in its continuing endeavor to reach and help the undocumented veterans suffering with ptsd.&&62. review the performance of fee physicians, under compensation and pension c p examination contracts, for paths of improvement in services to all veteran clients. an unsolicited assertion from a non indian veteran substantiated statements obtained earlier from american indian veterans that they are treated in a disrespectful manner.&&63. implement procedures for better coordination of clinic appointments for veterans residing on the pine ridge and rosebud indian reservations. 14 attachment 2."
2,1998,"1. initiate a review of the funding and operation of ptsd programs, substance abuse programs, and domiliciary care programs throughout va to determine, among other things, operational sufficiency in meeting the needs of veterans, sufficiency of funding to sustain an effective operation and adequacy of staffing to provide quality care and treatment to veterans. refer to findings 1, 2, 3, 5, 11, 12, 13, 14 and 18.&&2. retain in patient ptsd and substance abuse programs at all cost these programs serve the needs of minority veterans, who are disproportionately and more severely affected by the traumas of war.&&3. develop standard policies and procedures for domiciliary operations. refer to findings 5 13.&&4. investigate hiring and promotion practices throughout va and initiate an aggressive program for correcting grade and position imbalances, especially in areas where there are no minority rating specialist, claim examiners, hearing officers and adjudicators, and low minority representation in senior and senior executive service level positions. the review and investigation should also examine efforts to recruit minority doctors, nurses and other key medical staff personnel. refer to findings 6, 7, 8, 11 and 17.&&5. establish procedures for a systematic quality review of rating decisions, to include denials to ensure quality, consistency and compliance with rating guidelines and applicable laws. refer to findings 4 10.&&6. conduct benefits and entitlement awareness training seminars around the country to improve communications with veterans and their basic knowledge and understanding of eligibility and entitlement guidelines. refer to finding 16.&&7. establish operational guidelines for minority veterans program coordinators which include the minimum outreach efforts and standards for performance. direct facilities, without an mvpc, to appoint one as soon as possible. refer to finding 9.&&8. establish effective guidelines for investigating discrimination complaints related to medical care under title vi of the civil rights act of 1964. the current system is flawed and investigations are, in many instances referred back to the facility involved in the allegation for investigation and action. refer to finding 1.&&9. establish a more effective liaison with the department of labor on issues involving employment, training and vocational rehabilitation of minority veterans. encourage dol to track veterans programs by race and ethnicity to ensure minority utilization trends are appropriate addressed. refer to finding 19 17.&&10. include in the vas fy year budget, 90,000 for advisory committee meetings and site visits. 18 appendix a advisory committee on minority veterans."
3,1999,"number 1. acting under secretary for health appoint a task force to recommend solutions to the situation in puerto rico and the u.s. virgin islands, with a view toward developing ways to improve services across the board. particular emphasis should be placed on the equitable allocation of funds under the veterans equitable resource allocation vera and the elimination of barriers that preclude full and unimpeded access to care and benefits. the task force should include in its assessment how improvements can be made in such areas as medical appointments, patient privacy, primary care teams management, pharmaceutical services, medical claims reimbursement, beneficiary travel, and implementation of eligibility reform guidance.&&number 2. director, san juan va medical center, explore operating a shuttle between the va medical center and outpatient clinics. the committee believes that implementation of a shuttle program will not only solve many transportation problems for the veterans, but will also reduce the overall cost of travel reimbursements.&&number 3. secretary emphasize and establish guidelines for increasing contracting opportunities for minorities, veterans and women owned businesses. further, the secretary should review, analyze and initiate corrective actions, especially in va central office vaco , where minority and small business contracting goals targets are not being achieved or are being ignored.&&number 4. secretary require that all form letters mailed to veterans residing in the caribbean be printed in both english and spanish to accommodate the veterans whomonthnot be bilingual.&&number 5. secretary ensure that the center for minority veterans is sufficiently staffed and funded to meet the statutory responsibilities outlined in public law 103 446. the committee recommends that the centers staff be immediately increased to seven people and that funding for such initiatives as a minority veterans summit be fully supported, funded and executed in calendar year year. 19.&&number 6. acting under secretary for health establish an inpatient ptsd program in puerto rico for veterans residing in the caribbean region.&&number 7. director, san juan vamc, initiate a project to relocate the spinal cord injury unit from the third floor to the main floor of the medical center.&&number 8. directors of the san juan, regional office, and the san juan medical center, establish mandatory cultural sensitivity training for employees at their facilities. the assistant secretary for human resources and administration and the director, va center for minority veterans, should assist in the development and implementation of the training.&&number 9. under secretary for benefits authorize an increase in staffing for the san juan regional office to handle the high volume of medical reimbursement claims.&&number 10. director, san juan regional office, and director, san juan va medical center, conduct more veterans information forums and town hall meetings in both puerto rico and the usvi. the mvpcs at these facilities should be an integral part of the planning and actual execution of town hall meetings and information forums.&&number 11. director, vamc san juan, appoint a working group to address and resolve the concerns of blind veterans. the working group should also focus on recommending the best location for ophthalmology services for blind veterans who reside in puerto rico.&&number 12. under secretary for benefits comply with the provisions of public law 105 297 and implement an effective outreach program to support the native american direct home loan program. in this regard, minority veterans program coordinators should be used to assist veterans.&&number 13. congress of the united states pass legislation to provide equitable va benefits to world war ii filipino veterans who reside in the united states.&&number 14. under secretary for benefits initiate a review of the vocational rehabilitation program in the caribbean. particular attention should be focused on improving program outcomes and effectiveness with regard to job placement of veterans who are declared job ready. 20 appendix a advisory committee on mhnority veterans."
4,2000,"number 3. recognize the appropriate regional and national minority organizations that serve our countrys diverse population groups and invite them as genuine partners, consultants, advisors and expert witnesses in enriching the departments commitment to serve the needs of minority veterans.&&number 7 direct that ethnic identifiers be included immediately on all appropriate department application forms, particularly the initial application form completed by all veterans, and be correlated with department of defense manpower files and the revisions to the office of management and budget directive 15.&&number 9 . authorize and fund a five member minority veterans review commission mvrc , chaired by the chairman, advisory committee on minority veterans, with consultative authority and staff support to conduct a series of focus meetings with minority veterans and organizations across the country, to include the pacific, to determine the blueprint of needs and concerns, as well as recommendations, of all our minority veterans and followed by a conference on the west coast, in the midwest, and on the east coast to report the findings to our minority veterans. their report would be presented to you for concurrence and advocacy by 1 march year. third annual report seven remain open.&&number 3 develop performance rating standards for all va management personnel facility directors that include rating factors to 19 measure outreach, equality of services, and support to minority veteran programs.&&number 7 establish wellness clinic outreach programs on indian reservations.&&number 15 replicate at other locations around the country the models of the center for aging that is being constructed at tripler hospital.&&number 18 initiate activities to insure more standardization of computer systems, and eligibility requirements throughout the va.&&number 28 investigate the claim by minority veterans that there are inconsistencies in rating board decisions for ptsd.&&number 34 review the sba veteran loan program and identify obstacles experienced by veterans trying to start businesses.&&number 57 va should identify tribal veterans representatives to attend the national veterans training institute disabled american veterans service officers academy, university of colorado, denver, colorado, to become certified claims representatives for indian veterans. fifth annual report recommendations.&&number .1l appointments, patient privacy, primary care teams management, pharmaceutical services, medical claims reimbursement, beneficiary travel, and implementation of eligibility reform guidance.&&number. acting under secretary for health establish an inpatient ptsd program in puerto rico for veterans residing in the caribbean region.&&number directors of the san juan, va regional office, and the san juan va medical center establish mandatory cultural sensitivity training for employees at their facilities. the assistant secretary for human resources and administration and the director, va center for minority veterans, should assist in the development and implementation of the training.&&number. director, va medical center san juan, appoint a working group to address and resolve the concerns of blind veterans. the working group should also focus on recommending the best location for ophthalmology services for blind veterans who reside in puerto rico. 20 in addition to the 18 recommendations that are outstanding, the committee.&&recommends that the secretary works out an agreement with the indian health service to provide proper medical care to veterans on a cost reimbursable basis. outreach programs at all levels be expanded, improved and managed by senior officials until the desired results are achieved. the issue of service to puerto rican veterans is escalated so that the secretary working with the congress can develop solutions. the committee recognizes that service to puerto rican veterans is tied to a larger political issue. increase the business being contracted from minority and women veterans owned businesses. continue to seek ways to deliver service to veterans living in remote areas. 21 appendix a advisory committee on minority veterans."
5,2001,"number 1. revitalize the small and disadvantaged business program to improve veterans participation in business opportunities with va.&&number 2. conduct a small minority business conference and include va senior management, contracting officers, and small business owners. request the secretary make this a matter of his interest and include it in evaluations.&&number 3. develop and implement a workforce diversity program with incentives to ensure the desired results for a comprehensive diversity plan. this is particularly important in addressing future workforce deficiencies. there are 35,827 full time permanent va employees who are 55 years or older. there are a total of 40,372 full time part time temporary va employees who are 55 years of age and over. this total includes the 35,827 full time permanent employees cited above. a diversity plan could be implemented without difficulty.&&number 4. reemphasize the need for sensitivity training throughout va, specifically in the health care system.&&number 5. establish partnerships with colleges and universities and utilize these institutions as a resource to recruit and educate persons on careers with va. 12."
6,2002,"1. recommends the undersecretary for health establish a center for excellence pertaining to dust induced lung disease and other environmental and occupational health issues.&&2. recommends that dust induced lung disease be included in veterans health initiative vhi . subcommittee on benefits and compensation.&&1. recommends the secretary direct and monitor department wide hiring policies and succession planning with a goal of ensuring minority veteran representation at all levels.&&2. recommends the secretary establish a senior executive level career position staffed by a native american veteran.&&3. recommends the under secretary for health increase mental health services at community based outreach clinics cbocs , through contract services, fee basis, and other available means. subcommittee on outreach.&&1. recommends the secretary provide additional funding be made available to increase the number of committee site visits.&&2. recommends that the secretary direct and resource outreach programs in minority communities by mvpcs with emphasis on enrollment and other va benefits.&&3. recommends that the under secretary for health establish an outreach program to inform former military personnel assigned to aircraft carriers and other naval vessels of potential health problems related to dust induced lung disease.&&4. recommends the secretary establish a recruitment and hiring goal to increase the number of bilingual minority veterans health care providers. 12 subcommittee on education, training and business opportunities.&&1. recommends that the sba and va coordinate the establishment of small business loan specialists at va offices. 13."
7,2004,"recommendation 1 strongly advise establishing additional cbocs throughout washington state. the impression of the committee is that veterans in the rural regions of the state are severely underserved.&&recommendation 2 recommend that visn 20 and the puget sound hcs establish a closer liaison and working relationship with kings county to improve veterans services especially homeless veterans and veterans in the prison population.&&recommendation 3 during the acmvs visit with dr. susan pendergrass, deputy director of visn 16, she indicated that there is no reliable data on ethnicity of veterans because information is self reported. this causes a problem in that va does not always know, ethnicity wise, whom we are serving. we do not believe this is a fault of va. title vi of the 1964 civil rights act has created this situation. clarification is needed so that racial and ethnic data can be collected. disclosure, tracking, and evaluation of ethnicity particularly of those being treated at va facilities are extremely important and are critical elements in allowing va to better understand and serve its minority customers. 11.&&recommendation 4 there is a perception, from the meeting in new orleans, of unfair ratings of minority veterans compared to whites. the va regional office is aware of this claim and is looking into the matter.&&recommendation 5 at the new orleans va medical center, a facilities management morale problem was brought up. mr. john church, medical center director, was clearly aware of the issues and was able to address them in detail. however, several members of the acmv interpreted the tone of mr. churchs responses as somewhat condescending. believe it was unintentional. mr. church did welcome any investigation that could evaluate and recommend improvements at the new orleans va medical center. the legislative staff panel also brought up issues of discriminations and a hostile work environment. it is my recommendation that these types of allegations and concerns be turned over to the eo representative at the appropriate va office."
8,2005,"1. san juan vamc should take steps to implement an in patient ptsd treatment program in puerto rico to address the needs of the current veteran population as well as the needs of returning operation iraqi freedom oif and operation enduring freedom oef . unresolved year concern.&&2. vha provide additional resources to san juan vamc for a increased staffing to support increased veteran population at the arecibo cboc, to include social workers; and bo resource a new cboc at humacao fajardo to address the needs of 12,000 plus veteran residing in that area.&&3. va to immediately provide bi lingual forms and publications in spanish and english for all va facilities in puerto rico and that english forms and publications be provided for veterans residing in the u.s. virgin islands. additionally, puerto rico va staff must conduct conversations in english when speaking with u.s. virgin island veterans. generally, va should evaluate the need for bilingual publications wherever a substantial spanish speaking population exists. moreover, facilities servicing major spanish 15 speaking populations should have budget augmentation to help them provide the necessary forms and publications in spanish. unresolved year concern.&&4. nca needs to immediately address the needs of the puerto rico national cemetery by a acquiring land for the expansion of the national cemetery as it is scheduled to run out of space as early as year; and b provide adequate maintenance funding to help it meet the requirements for national shrine status to include but not limited to the incorporation of a computerized locator kiosk, renovation of the administrative buildings and the upgrading of burial sites. recommendations specific to u.s. virgin islands.&&5. visn 8 to review san juan vamc fee basis management of healthcare contracts in u.s. virgin islands to address recurring payment problems of local caregivers.&&6. san juan vamc to improve services to virgin island cbocs by incorporating the following a identify new space for st. thomas cboc to bring it up to par with st. croix cboc; 6 budget and resource appropriate annual training and travel funds for usvi clinical staff; c review ftee requirements for the usvi clinics and vet centers that address the need for dedicated administrative assistants, social workers, pharmacy backup, vet center backup and medical staff backup; d include virgin island cbocs in all maintenance contracts for medical, information technology it and administrative equipment; and e address recurrent payment problems for fee basis caregivers and specifically, pay for health services in a timely manner. f conduct extensive outreach to female veterans apprising them of their healthcare benefits and provided them with reasonable access to gynecological services on the virgin islands. g immediately incorporate the use of the existing telehealth equipment on the u.s. virgin islands to provide clinical consults, psychological consults, veteran benefits hearings and consults as well as diabetes, amputee care and elder care training for veterans and their family members at a minimum. if necessary, budget for equipment upgrade and maintenance and establish a scheduling mechanism that ensures the availability of san juan vamc medical staff for regular delivery of healthcare services via the telehealth equipment. 16.&&7. san juan vamc varo nca coordinate outreach efforts to veterans on st. thomas and st. croix to ensure one stop assistance for veterans on the islands. this effort must include outreach to a inform oif oef veterans and their families on their benefits; b provide information on burial benefits bereavement counseling; c conduct town hall meetings on at least an annual basis on all the virgin islands; d identify a homeless coordinator for the usvi and have that individual provide outreach and coordination of services to homeless veterans this should not be a collateral duty that would impose more requirements on an already over burdened staff ; and e initiate outreach to elder veterans and their families to apprise them of their benefits. unresolved year concern.&&8. san juan vamc address elder veterans needs and care on the virgin islands to specifically identify appropriate medical services, per diem beds in u.s. virgin island based nursing homes.&&9. san juan varo to consider permanently stationing a veteran service counselor or representative in the u.s. virgin islands to a conduct outreach and assist veterans with their benefits claims; and b track and report separately usvi veterans application for home loan applications, vocational rehabilitation training, compensation and pension ratings and insurance applications. 17 appendix b."
9,2006,"1. outreach program the secretary mandates that an outreach program be established by all veterans affairs administrations and appropriate staff offices to reach out and support all veterans. as a minimum, the program must incorporate the following goals activities a. inclusion of and coordination with local, federal and state veteran serving organizations in va facilities outreach activities. these entities should include, as a minimum, state and county veterans affairs agencies, veteran service organizations vsos , veteran serving organizations i.e. minority veterans organizations that have not been granted vso status , agencies and organizations that serve the minority community in the local area, faith based organizations that serve veterans, etc.; b. establishment of periodic veteran town hall meetings with veterans and their families to determine needs and issues; meetings processes must ensure that minority veterans and communities are targeted in culturally appropriate venues; c. allow facilities to advertise veteran benefits and healthcare services and consult marketing experts to help va facilities conduct effective communication of va offerings with particular attention to marketing to minority communities; d. expand and improve the use of internet based access to va benefits and healthcare, with particular attention given to cultural and linguistic diversity; e. establish minority outreach coordinators that are full time, where warranted. further recommend that these be additional billets that are fully resourced for those facilities, rather than requiring facility directors to give up other billets to fill those positions; f. mandate enhanced outreach communication and coordination between vha, vba, nca and appropriate staff offices; g. identify federal grants for states to conduct grassroots outreach programs.&&2. marketing a current ban on marketing established by an assistant secretary of vha was brought to the attention of the committee several times during its site visit. this policy is currently interpreted by the field as a ban on all outreach programs especially to minority veteran populations. the committee views the application of this policy as a serious impediment to minority veterans knowledge of their va 20 benefits and va healthcare entitlements. the repeal or redefining of the dva policy prohibiting marketing needs to be immediately disseminated to all dva field facilities. the committee was led to believe that the memorandum establishing the ban on marketing had been formally rescinded. if this is correct, it is vital that all facilities be advised that outreach to minority veteran populations is encouraged and expected. the committee desires a brief on the efforts taken by dva leadership addressing this contentious issue at its next washington dc committee meeting.&&3. research programs dva design, develop and fund research agendas focusing on minority veteran issues to include but not limited to a. identification of racial ethnic health disparities; b. identification of barriers that prevent minority veterans from accessing and using their veteran benefits and healthcare services; c. identification of what culturally appropriate practices would support greater participation in va benefits and services by minority veterans; va must endeavor to coordinate and disseminate the results of such research to audiences both within dva practicing healthcare givers, vba and nca employees as well as providing briefings of findings to vsos, minority community leaders, state and county veterans officers, etc. the goal is to inform minority veterans and those entities serving the minority community of potential barriers to access so that appropriate measuresmonthbe taken to eliminate the barriers.&&4. coordination care home telehealth ccht va aggressively implements the ccht program in rural communities where veterans, and especially minority veterans, are at greatest risk of not being able to receive appropriate and timely va healthcare i.e., south texas, alaska, montana, samoa, etc. the committee noted in particular the coordination care home telehealth ccht program in los angeles that would have broad implications for minority veteran health if aggressively utilized throughout the country.&&5. veteran centers a comprehensive briefing on rehabilitation counseling services be given the committee at its next committee meeting in washington dc. the purpose is to fully explain the functions of the veterans centers and their interaction with dvas health facilities, concerning minority veterans. 21.&&6. land use policies va should conduct a review of land use policies within the agency, to allow va facility directors greater latitude in generating revenue to execute their mission. greater local flexibility to make business decisions would result in more funds for ancillary programs such as those that address outreach to minority veterans and homeless veteran populations. because of the impact of cares on this issue, the committee requests an update on cares at it next washington d.c. meeting.&&7. staff diversity staff diversity at the los angeles va facilities was not representative of the minority veteran population especially with regard to the higher pay grades and for african americans, hispanics and american indians. this appears to be a systemic issue throughout the department of veterans affairs dva . the committee recommends that dva a. develop a targeted recruitment plan for minority hiring at all levels of the department across the country; b. dva design, implement and fully resource cultural sensitivity training programs for all dva employees and make it mandatory; c. dva direct the compilation of ethnic racial data of its employee population and the veteran population in all its data gathering processes; d. provide a brief at the committees next washington d.c. meeting on the progress made concerning this issue.&&8. impact of local economy on budget in formulating its budget for facilities, there must consideration of the local economy and its impact. facilities annual budgets should include adjustments for the cost of living in the local economy. proper resourcing of employee payrolls, incentive pay and retention pay need to reflect the economic realities of the facility location. i.e. the cost of housing in los angeles makes recruitment of lower pay grade employees almost impossible and impacts minority hiring because they tend to be in the lower pay grades. as a minimum the committee recommends a. dva establish processes to insure that resourcing of facility budgets consider their location, cost of living, and recruitment retention cost requirements; b. ensure that funds are distributed to facilities based upon requirements and needs; 22 c. with respect to regional offices, provide additional staff and funding for appellate work to ensure varo budgets are based on staff to workload ratios.&&9. operation iraqi freedom oif and operation enduring freedom oef veterans dva hire operation iraqi freedom oif and operation enduring freedom oef minority veterans into the agency to ensure departmental sensitivity to a new generation of minority veterans seeking services from dva. the committee recommends dva review its pilot recruitment program coming home to work to ensure it adequately targets oif oef minority veterans for employment throughout the department. 10.seamless transition with regard to the seamless transition of returning oif oef minority veterans entering the va system, the committee recommends that a. dva establish processes, at the cabinet level, that ensure dod and dva work together on integrating oif oef minority veterans into the va healthcare and benefits system; b. dod dva coordinate their programs informing all minority veterans of their va benefits; c. dva pursue the collection of dod data identifying the upcoming release discharge of minority service members within 90 days of their release to assist dva with outreach to the service member; d. dva vigorously pursue dods collaboration, support, and agreement in sharing minority service member health and service record information. the following relates to the direct home loan program which was briefed to the committee at its month 6 8, year washington d.c. meeting.&&11. native american veteran direct loan program under the authorizing legislation of the native american veteran direct loan program, va is to receive .05 sic million each year for administration and outreach activities, including travel to meet with tribes and individuals. a. what plans are currently in place by vba to utilize these funds to increase outreach efforts to native communities? also in the programs authorizing legislation, it states that va, among other things, is to attend housing conferences, and provide information to veterans, tribal governments and organization sic . other program requirements 23 state that va should annually assess and report to the congress on the effectiveness of its outreach activities and annually report on the pool of eligible native american veterans. b. are the current figures reflecting the activity of the program over the last thirteen years being reported to congress annually? the committee requests a follow up briefing from vba to address the concerns delineated above. 24 appendix a."
10,2007,"recommendation 1 va establish the feasibility of implementing a cooperative agreement with the alaska native tribal health consortium anthc ; alaska tribal health system; alaska area native health service; indian health service ihs ; alaska native medical center anmc ; southcentral foundation scf to provide all services which fall within the purview of vba and vha. this would include the following actions e va reimburse those entities, through anthc, for all services rendered to alaska native veterans. e va conduct a feasibility study to examine whether the anthc can provide same services that can be offered to the general veteran population non alaska natives whichmonthbe located in close proximity to rural areas and villages throughout the state of alaska. e va develops, coordinates, and submits all legislative initiatives for enactment of cooperative agreements, and or elimination modifications of statutes, which might impede the establishment and or consummation of those agreements. e va recognize the influence and importance of alaska native elders and that va coordinates with and secures the approval of these elders before finalizing and implementing cooperative agreements.&&recommendation 2 secretary and deputy secretary encourage va leadership officials to utilize all available means i.e. internships, mentoring programs, executive career field training programs, leadership va, ses candidate development program to promote the career development of va minority and female employees. the ultimate goal will be to increase the number of va minority group employees in leadership positions throughout the department. 33.&&recommendation 3 vas outreach programs are extended and or modified to include all means and processes to advise minority veterans of their entitlements and the office of national outreach program coordination provides the committee a report reflecting actions initiated to date.&&recommendation 4 va ensures that translation services are available in va facilities through either the services of employee translators or contract services. this will ensure that patients rights and responsibilities functions normally assigned to vha are being addressed.&&recommendation 5 the current appointment processes and procedures contained in vha directive year 055, vha outpatient scheduling processes and procedures, be adhered to by the alaska vamc and other vha facilities to ensure that veterans are not penalized unfairly, and that veterans needs for health care services are fully met. this could be monitored during reviews under the current soars process.&&recommendation 6 va, under the vas state cemetery grants program, facilitate discussions with the government officials of the state of alaska and alaska native tribal leaders to explore the possibility of establishing additional veterans cemeteries on either state or tribal lands.&&recommendation 7 va expeditiously complies with the va acting general counsel opinion, subject webcims 372917 collection of veterans ethnic and racial demographic data, datedmonth2, year.&&recommendation 8 the center for minority veterans cmv provides information on their budget, employee resources, and accomplishment of their performance measures to the committee during the next washington, dc meeting.&&recommendation 9 cmv consider the necessity for sponsoring a minority veterans national conference or summit to provide outreach and veterans benefits and assistance information to minority veteran conference attendees and address concerns and issues adversely affecting minority veterans.&&recommendation 10 va analyze their reported va workforce minority employee statistics to ensure that they are consistent with the office of personnel management opm reporting of workforce minority employee statistics and ensure the accuracy and sustainability of conclusions concerning senior staff representation of va minority workforce.&&recommendation 11 replicate the ongoing initiative va has with the elmendorf air force base hospital in fairbanks alaska with the u. s. army. 37.&&recommendation 12 va develops and implements a tribal veterans representative tvr program in alaska.&&recommendation 13 the alaska va regional office should partner with the indian health services ihs to provide outreach to alaska natives."
11,2008,"recommendation 1 promote culturally and geographically relevant outreach programs and efforts throughout the va by increasing and funding more full time minority veterans program coordinator mvpc positions in areas where there is a large minority veteran population. currently four full time mvpc positions, out of approximately 300, are funded.&&recommendation 2 the acmv recommends that the secretary direct vha, vba and nca to designate the minority veteran program coordinators as full time positions at the vamc, varo and msn levels; and that funding for those positions be the responsibility and purview of each agency.&&recommendation 3 improve transition processing for reserve and national guard personnel returning from deployments.&&recommendation 4 increase outreach, responsiveness, and formal consultation with tribal governments and tribal leaders, particularly in the field. this issue has been the subject of several presidential addresses o richard m. nixon, 1970 special message to the congress on indian affairs, o ronald reagan, 1983 statement on indian policy, o george h.w. bush, 1991 statement reaffirming the government to government relationship between the federal government and indian tribal governments, o william j. clinton, executive memorandum month 1994 , government to government relations with native american tribal governments, and executive order 13175 month year , consultation coordination with indian tribal government, o george w. bush, executive memorandum month year , government to government relationship with tribal governments.&&recommendation 5 creating awareness of policy on immigrant veterans benefits and helping to fast track them into citizenship, where appropriate.&&recommendation 6 support alaska natives and native americans veterans and their families needs for burial at homeland locations.&&recommendation 7 the secretary and deputy secretary mandate that all va leadership officials performance be evaluated on their implementation of programs designed to reflect their total commitment to increasing the number and mix of minorities at the senior staff level. concurrently, that performance bonuses be linked to va leadership officials successes in having the work force mirror the population being served and that va leaders be encouraged to reflect in their performance plans active programs that promote employee diversity.&&recommendation 8 in order to improve and achieve the representation of minorities on senior staff level, the acmv recommends that the secretary establish clear goals, and metrics for their achievement, to be used as factors in the performance evaluations of senior ranking officials in the three va administrations.&&recommendation 9 the secretary and deputy secretary mandate va leadership officials to utilize all available means internships, mentoring program, executive career fields training program, leadership va, ses candidate development program to promote the career development of va employees. the ultimate goal is to increase the number of va minority group employees in leadership positions throughout the va.&&recommendation 10 va establish a tracking system for all programs internships, mentoring program, executive career fields training program, leadership va, ses candidate development program to identify total number and mix of candidates; and that such data includes the number of minorities, which are within the purview of the acmv.&&recommendation 11 vas internal and advisory committees should include minority members of equal rank and stature as other members reflective of the veteran population being served.&&recommendation 12 va establish and monitor intensive training program for senior va leaders, managers, and their staff, on cultural diversities and language competencies within the veteran population being served.&&recommendation 13 va employs or trains personnel to be conversant in the predominant language or dialect within its sphere of influence and or operation in order to assure the highest level of customer service.&&recommendation 14 that the va analyze its reported va workforce minority employee statistics to ensure that they are consistent with the office of 37 personnel management opm reporting of workforce minority employee statistics, to insure that accurate conclusions concerning va minority workforce representation can be drawn from the reported va workforce minority employee statistics.&&recommendation 15 the secretary directs vha, vba, and nca to collect demographic data throughout the va, in accordance, with the va acting general counsel opinion, subject webcims 372917 collection of veterans ethnic and racial demographic data, datedmonth2, year, and inform the acmv, on the status of the demographic data collection, by the next acmv meeting in washington, dc.&&recommendation 16 the acmv recommends that the secretary establish uniform criteria for the compilation of racial and ethnic data and that he direct that such information be collected by vha, vba and nca in order to generate useful metrics for self improvement.&&recommendation 17 that the department of veterans affairs expeditiously implements the va acting general counsel opinion opinion , datedmonth2, year, which requires the va to collect ethnic and racial demographic data, from the veteran population that it serves, by voluntary self identification.&&recommendation 18 vha provide information that reflects if minority veterans are identified with having ptsd or other diagnoses in percentages proportional to their military population.&&recommendation 19 vha establish joint venture with dod and academia to establish work centers of excellence for mental health issues addressed by the acmv.&&recommendation 20 va shall incorporate relevant acmv recommendations into the va wide strategic plan. in coordination with the secretary or deputy secretary designated va staff and office, the acmv will identify issues which are relevant for all minority veterans, including women, and submit those issues for incorporation in the va wide strategic plan.&&recommendation 21 that the center for minority veterans cmv provide information, on the cmv budget, employee resources and accomplishment of cmv performance measures to the acmv, during the acmv annual meeting, in washington, dc.&&recommendation 22 that the center for minority veterans consider the necessity for sponsoring a minority veterans national conference or summit to provide outreach and veterans benefits and assistance information to minority veteran conference attendees, and address concerns and issues adversely affecting minority veterans."
12,2009,"1. promote culturally and geographically relevant outreach programs and efforts throughout the va by increasing and funding more full time minority veterans program coordinator mvpc positions in areas where there is a large minority veteran population. note the committee strongly recommends that it is imperative that mvpcs attend monthly training meetings teleconferences. the secretary should express his support of this recommendation in a va wide memorandum. where there are 30 or more minority veterans in their catchment area i.e. los angeles vamc 44 , chicago vamc 56 , houston vamc 43 , new york city vamc 42 and hampton vamc 35 . the committee strongly recommends that va leadership support the outreach initiatives reflected in the mvpc handbook 0801 that provides structural guidance on how to support the mvpcs, time needed to participate on monthly teleconference calls, and funding necessary to attend biennial mvpc national training conferences.&&2. establish an enduring strategic communication plan to emphasize the post 9 11 veterans education assistance act of year; executive order 13360, contracting with service disabled veterans businesses; p. l. 109 461, the veterans benefits healthcare and information technology act of year; the center for veterans enterprise cve ; the wwii filipino veterans equity compensation fund; and other veteran empowerment programs that emphasize minority veterans.&&3. stress collaborative efforts among state directors and commissioners of veteran affairs in preparing vas biennial report to congress for all outreach activities.&&4. all va outreach activities should follow an integrative approach.&&5. the director of the washington, d.c. va medical center and the director of the washington, d.c. va regional office must hold scheduled town hall meetings in order to enable minority veterans in the washington, d.c. area to provide feedback on their issues.&&6. vha, vba, nca and office of policy planning opp must utilize common racial and ethnic categorical data in gathering specific information from available sources modialities in order to conduct demographic analysis. this should include the following a. track utilization of benefits of unique users by racial and ethnic groups in the same manner that va tracks utilization by gender and period of service. va response concur in principle. currently, nca does not track racial and ethnic data of minority veterans that claim benefits. nca will strategize and develop a method to capture this type of data to conduct demographics analysis. in year, the capture of race ethnicity information on veterans enrolling and using va health care services was modified in accordance with office of management and budget omb directive 15. as a result, va implemented changes to reflect the new omb race categories, moved from observe reported to self reported data collection and allowed selection of multiple race codes all page 17 of 56 consistent with omb direction . vha collects information on race and ethnicity as self reported by the veteran through the enrollment process 10 10ez form and in veterans health information systems and technology architecture vista by vamc staff. these data are voluntary fields of information provided by the veteran and reflect the standard categories as defined by omb. with enhancements to information technology systems and further collaboration with the department of defense, vba plans to capture racial or ethnic status through either self identification or authoritative electronic means, including data transfers. while opp does not collect data, opp concurs with the recommendation regarding the importance of gathering and analyzing race and ethnicity data. though limitations exist, opps national center for veterans analysis and statistics ncvas mines defense manpower data center dmdc databases to affect departmental needs and requirements. to that end, ncvas can take the lead in using dmdc data sources to provide reports on the reliance of minority veterans on department of veterans affairs vas portfolio of benefits and services. b. track priority 8 enrollment of minority veterans by encouraging these veterans to self identify in accordance with race classification as defined by omb. c. track new post 9 11 gi bill enrollment of minority veterans by encouraging these veterans to self identify in accordance with race classification as defined by omb.&&7. va must continuously promote contract opportunities for veteran owned small businesses vosb and service disabled minority veterans, and train a diverse workforce of acquisition professionals.&&8. develop and implement a concerted recruitment strategy to improve the currently under represented groups. page 19 of 56 note the committee was concerned about the disparity in the data with hispanics and native americans. at the end of fy year, va had a work force of 2 ,568. among this number, all race, national origin and gender groups are represented in va above their respective levels in the civilian labor force clf except for white women and hispanic men and women. white women represent 35.64 of vas work force compared to 47.87 in the clf. hispanic men represent 3.20 and hispanic women represent 3.52 or a combined 6.72 of vas work force compared to 13.2 clf.&&9. publish an annual status report on the departments progress in accordance with vas diversity and inclusion strategic plan year year as explicitly stated by secvas memorandum datedmonth22, year.&&10. expand the community prosperity partnership program cpp .&&11. improve career development programs by targeting newly promoted gs 11 and above grade employees to prepare them for senior management positions.&&12. develop and implement a strategy to conduct formal consultation with tribal governments whom the u.s. government recognizes as sovereign nations , tribal leaders, and native american communities. several presidential addresses state that before a government agency develops, edits, or implements any programs or services, they must consult with tribal governments.&&13. establish an office of indian affairs charged with communications, consultation and monitoring of the implementation of programs or services which directly affect native americans. page 25 of 56.&&14. va should continue to ensure that vas internal advisory committees include minority members who are reflective of the veteran population and their families being served to date."
13,2011,"1. establish hiring and retention strategies and increase recruitment of minorities to improve minority representation within the senior executive service ses ranks by year, with a goal of attaining a significant increase in minority representation within the ranks of the ses within the department by year.&&2. review the current diversity and inclusion training and update the training modules, by the end of fy year, to include the topics of cultural competence and emotional intelligence to ensure that they are relevant to address the diversity and inclusion challenges that are present in the va.&&3. evaluate the effectiveness of outreach methods to minority communities conducted by individuals other than minority veterans program coordinators mvpcs by the end of fy year, and develop and implement an action plan in fy year to increase market penetration in targeted minority communities.&&4. develop and implement an action plan to increase the utilization of minority veterans program coordinators mvpcs in all departmental targeted outreach activities to minority communities by 1st quarter fy year. that mvpcs spend 18 an average of 25 hours per month on targeted outreach activities to minority veteran communities with a goal of increasing the percentage of minority veterans contacted to 60 .&&5. develop and implement, based upon input from minority veteran focus groups, a culturally relevant communications strategy, by the end of fy year, to promote awareness of va benefits and services to targeted communities.&&6. that the veterans health administration office of rural health perform a comprehensive needs assessment to determine the impact of transportation barriers on the health of minority veterans residing in rural, highly rural, and frontier areas.&&7. develop an action plan to increase access to va programs and services vha vba nca , and facilities for veterans living in rural and outlying territories insular areas by 2nd quarter fy year.&&8. develop a plan by the end of fy year to implement where applicable the seventeen recommendations to donor agencies resulting from the department of interior insular area health summit month year pages 75 and 76 of report , and report progress on the plan to the acmv during its annual meetings in washington, d.c. beginning with the month year acmv meeting. u.s. department of the interior doi . future of healthcare in the insular areas summit. retrieved may 12, year. http www.doi.gov oia firstpginfo health_summit documents entire 20report_insular 20area 20healt h 20summit 20report. pdf. 29.&&9. develop and implement by the end of fy year strategy to enact guidelines in accordance with the department of health and human services hhs national partnership for action npa plan to end health disparities, inclusive of holistic approaches to treating veterans.&&10. establish an office of health equity ohe similar to the offices of minority health omh within the department of health and human services hhs . the ohe would incorporate the omh mission of improving health outcomes impacted by racial ethnic differences, in addition to gender specific initiatives currently the responsibility of the va office of womens health owh , and also focus on the possible effects on clinical outcomes due to veterans sexual orientation.&&11. develop an action plan by the end of the first quarter of fy year witha goal of effecting a meaningful reduction in racial disparity among active patients enrolled in the va healthcare system. a pilot should focus on reducing disparities in clinical outcomes such as blood pressure, glucose, and cholesterol control, at va healthcare facilities with high concentrations of african american veterans, as well as sites of high hispanic latino, and native american alaska native populations.&&12. increase funding to collaborative partnerships, with community based organizations cbos and non government organizations ngos that provide assistance to homeless veterans. this funding should enable more mental health programs and supportive services for low income targeted minority veterans, regardless of gender in order to reduce minority veteran homelessness by 25 by the end of fy year.&&13. propose legislation that will change the requirement for an annual report from the acmv to a biennial report. 39."
14,2012,"recommendation 1 the veterans of insular areas of the pacific guam, samoa, etc. have the option of receiving specialty care in the philippines rather than at the tripler medical center in hawaii.&&recommendation 2 the office of health equity ohe conduct ongoing monitoring of the effect cultural competence training has on patient satisfaction scores, patient compliance with clinical treatment plans, clinical outcomes, and establish best practices based on this evaluation.&&recommendation 3 the acmv recommends that as part of routine clinical assessments, va clinical providers review the treatment provided to patients with long term diagnosis problem list item of ptsd to ensure they have received treatment for that illness within the last two years.&&recommendation 4 incorporate current design solutions to include planetree design, privacy, and family friendly components found in department of veterans affairs, office of construction and facilities management va ocfm interior design manual for new construction and renovations of hospital and clinics, year into the minimum standards for cboc operations, in vha handbook 1006.1, paragraph 6.&&recommendation 5 the office of health equity ohe monitor the utilization of the va caregiver program with the goal of ensuring that the utilization of the program by veterans and their family members is reflective of the demographics of the veteran population race ethnicity, gender, rural, highly rural, period of service, etc.&&recommendation 6 the va caregiver support website http www.caregiver.va.gov, support materials such as fact sheets describing eligibility criteria and benefits, and caregiver program satisfaction surveys should be translated into spanish and other languages based on need by the end of 1st quarter year to ensure that non english speaking family caregivers have access to this information and can provide feedback on the program.&&recommendation 7 utilize the houston veterans affairs regional office varo as the model for claims transformation express lanes processing program throughout veterans benefits administration vba .&&recommendation 8 va officials from the three administrations should ensure that veterans demographic data made available from local va minority veterans program coordinators mvpcs is utilized by local individuals conducting outreach to conduct targeted outreach to all identified ethnic veteran populations in their catchment areas.&&recommendation 9 va regional administrators should monitor staff recruitment efforts with a goal of hiring staff that are diverse and reflective of the veteran population.&&recommendation 10 vba should consider dedicating regional staff to review applications for the va home loan guaranty program to ensure that lenders are not charging veterans unauthorized fees.&&recommendation 11 the visn 17 network veteran advocate initiative is an outstanding example of the department of veterans affairs of how the va strives to be people centric, results driven, and forward looking. this regionally directed program should be adopted by the va as a best practice and utilized throughout the department."
15,2013,"recommendation 1 that the va establish a standard that requires minority . veterans program coordinators mvpcs in catchment areas that are comprised of large minority veterans population of 30 or more, to perform a minimum of 20 hours of targeted outreach in minority communities per month. mvpcs in catchment areas with smaller minority veterans populations of 25 or less are required to perform a minimum of 10 hours of targeted outreach per month, as defined by va mvpc handbook 08074, by the end of fiscal year 2074.&&recommendation 2 that the va address the significant minority employee grade disparity in the gs gm 11 15 pay grades, title 38 equivalent pay levels, and ses positions by the end of fiscal year year.&&recommendation 3 that the va implement a cultural competency training program for all mental health providers by the end of fiscal year year.&&recommendation 4 that the va office of human resources and administration develop a methodology to determine the reasons causes of removals terminations regrettable losses of recently hired minority veterans by the end of fiscal year 2074.&&recommendation 5 that va expedite the collection and analysis of demographic data on minority veterans to determine if disparities exists in the top five claimed conditions, grant rate for disability claims, and percentages of disability granted, and publish a report similar to the review that was recently completed on women veterans by year."
16,2014,"recommendation 1 that the va establish a standard that requires the minority veterans program coordinators mvpcs program in catchment areas that are geographically extended over 200 miles, to assign the appropriate percentage of duties to an employee s in vha and vba facilities outside of the respective host va regional office varo and va medical center vamc locations.&&recommendation 2 that the va implement a cultural competency training program for all mental health providers and veterans service representatives by the end of fiscal year year. ,.&&recommendation 3 that the va update the schedule for rating disabilities part 4, title 38 code of federal regulations to accommodate medical research on symptomatology of certain medical conditions which have particular application to minority veterans of differing cultures.&&recommendation 4 that the va direct all va national cemeteries to prominently display the district of columbia and insular flags of all united states territories as they do flags from the 50 states.&&recommendation 5 recommend that vha provide the office of health equity ohe with a budget that allocates adequate funding to support projects that align with achieving ohe mission and goals.&&recommendation 6 recommend that the veterans heaith administration conduct an assessment of the impact that prolonged clinic wait times have had on access to care by minority veterans at selected facilities with large minority veteran populations. 8 part hl."
17,2015,"recommendation 1 that va enhance its existing data collection processes to include the reporting of race ethnicity data for all benefits and utilization programs to ensure the identification of delivery gaps and potential disparate levels of service.&&recommendation 2 that va accelerates efforts to improve the diversity of the workforce at the gs 14, gs 15, and ses levels by establishing benchmarks when possible, and utilizing established diversity management practices. ,.&&recommendation 3 that va develops an insular catchment area plan that includes service delivery initiatives and benchmarks for the pacific rim, puerto rico, and the us virgin islands.&&recommendation 4 that nca specify on its website availability of burial space by type and . eligibility groups for each cemetery location to enhance the awareness level of burial benefits for minority veterans by the end of fy year. , part iii."
18,2016,"recommendation 1 that the department of veterans affairs executes a contract to publish a report which reflects current utilization of va benefits and services, and disability compensation awards by race, ethnicity, and gender by the end of fiscal year year.&&recommendation 2 that the vha office of heaith equity ohe be restored to its original eight full time equivalent fte staffing level by the end of calendar year year.&&recommendation 3 that the national cemetery administration implement a targeted burial benefits outreach program to eligible spouses, and dependent children of veterans to increase their awareness of their eligibility for burial benefits by the end of fiscal year year. 6 part iii."
19,2017,"recommendation 1 that the department of veterans affairs collect and analyze race and ethnicity data across all business lines to identify, monitor, and address potential disparities that effect minority veterans by the start of fy 2078.&&recommendation 2 that the department of veterans affairs, veterans health administration, follows through on its commitment to provide the vha office of health equity ohe necessary personnel resources by the end of fy year to facilitate implementation of the va health equity action pian.&&recommendation 3 that the department of veterans affairs publish an update to the year health services research and development hsr d report entitied evidence brief update on prevalence of and interventions to reduce racial and ethnic disparities within the va to demonstrate the progress made to address the identified issues that impact minority veterans by the end of fy year.&&recommendation 4 that the department of veterans affairs ensure that the spanish language versions of the instructions for applications for va benefits and services are readily available, especially in areas of the country with high latino hispanic populations, to assist veterans and their family members seeking va benefits and services. , part iii."
20,2018,"recommendation 1 that the department of veterans affairs proactively develop comprehensive plans to provide access to health care services and benefits for all honorably discharged deported veterans bymonth2079.&&recommendation 2 that the department of veterans affairs require the veterans benefits administration to collaborate with the national center for veterans analysis and statistics to publish disability award reports bi annually to identify and address potential racial ethnic award disparities by the end of fy 2079.&&recommendation 3 that the department of veterans affairs, veterans health administration, follows through on its commitment to provide the vha office of health equity qhe necessary personnel resources by the end of fy year, to facilitate implementation of the va health equity action plan. ,.&&recommendation 4 that the department of veterans affairs, veterans benefits administration, develop a comprehensive communication plan to encourage minority veteran participation in the rapid appeals management process ramp by 2nd qtr., year. part iii."
21,2020,"recommendation 1 that va expand the telehealth capabilities to the compact of free association cofa nations, palau, the marshall islands and the federated states of micronesia by providing 1 the required bandwidth to allow access virtually as some of the islands do not have fiber optic connections; 2 provide island veterans with necessary hardware to include ipads, computers and all accessories to access telehealth services; 3 assign health care providers to veterans through telehealth; 4 provide and implement an expedited assessment on the possibility of fielding telehealth soon; 5 provide travel pay to appointments as other veterans in the u.s. receive this benefit; 6 provide uniform allowance renewal by teleconference; and 7 conduct semi annual town hall meetings for benefits. the time frame to complete the telehealth system package is 2 years, by the end of month year.&&recommendation 2 that vha track and report on the impact of covid 19 on minority veterans. specifically identify and address racial ethnic health disparities and will further categorize the impact of covid 19 on minority veterans by the era served.&&recommendation 3 that va require the national cemetery administration establish a minimum of four working agreements among institutions that serve the minority veteran population. nca should complete this recommendation by month 31, year with annual reports starting month 31, year. nca should publish results annually starting month 1, year.&&recommendation 4 that va modify the following forms to capture race and ethnicity information on applications for nca va form 21p 530, apr year application for burial benefits; va form 40 1000 pre need determination of eligibility for burial; va form 27 year,monthyear application for united states flag for burial purposes; and va form 21 534ez application for dic, survivors, pension and or accrued benefits. nca should complete this recommendation by month 31, year with annual reports starting month 31, year. nca should publish results annually starting month 1, year. page 6 of 44 part iii."
